id,question
0,What is the protein content in the Potato Latkes Made Simple recipe?
0,Can you tell me how many grams of carbohydrates are in the Potato Latkes Made Simple dish?
0,I need to know the fat content in the Potato Latkes Made Simple: A Twitter Recipe.
0,What type of cuisine is the Potato Latkes Made Simple recipe classified under?
0,Is the Potato Latkes Made Simple recipe suitable for someone following a DASH diet?
1,What is the main source of fat in the Avocado Dressing recipe?
1,How many grams of protein are in the Avocado Dressing?
1,Could you tell me the total carbohydrate content in the Avocado Dressing recipe?
1,Is the Avocado Dressing recipe suitable for the DASH diet?
1,What type of cuisine does the Avocado Dressing belong to?
2,What is the protein content in the Bread Salad recipe?
2,Can you tell me how many grams of carbohydrates are in the Bread Salad dish?
2,How much fat does the Bread Salad recipe contain?
2,What cuisine does the Bread Salad belong to?
2,Is the Bread Salad recipe part of the DASH diet?
3,What is the carbohydrate content in the Ultimat Sparkler recipe?
3,Could you tell me the amount of protein in the Ultimat Sparkler?
3,How much fat does the Ultimat Sparkler contain per serving?
3,What type of diet is the Ultimat Sparkler recipe suitable for?
3,Which cuisine is the Ultimat Sparkler recipe associated with?
4,What is the amount of protein in the Yogurt Pops recipe?
4,How many grams of carbohydrates are in the American cuisine dish called Yogurt Pops?
4,"Could you tell me the fat content in the Dash diet recipe, Yogurt Pops?"
4,"What type of diet is the Yogurt Pops recipe suitable for, based on its ingredients?"
4,Can you provide the cuisine style for the recipe named Yogurt Pops?
5,How much protein is in the Sumac-Spiced Eggplant Schnitzel Recipe from central Europe?
5,What is the carbohydrate content of the Sumac-Spiced Eggplant Schnitzel Recipe that follows a DASH diet?
5,Can you tell me the amount of fat in the Sumac-Spiced Eggplant Schnitzel Recipe?
5,Is the Sumac-Spiced Eggplant Schnitzel Recipe compatible with a DASH diet plan?
5,"What cuisine is the Sumac-Spiced Eggplant Schnitzel Recipe from, and how does it align with dietary goals?"
6,What nutritional details are included in the Kerouac Cocktail recipe?
6,Can you tell me about the carbohydrate content in the American cuisine Kerouac Cocktail?
6,Does the Kerouac Cocktail fit into a DASH diet plan?
6,How much protein does the Kerouac Cocktail contain?
6,What is the fat content of the Kerouac Cocktail recipe?
7,What is the protein content in the Miso and Corn Soup recipe?
7,Could you tell me the carbohydrate amount in the Miso and Corn Soup?
7,How much fat does the Miso and Corn Soup recipe contain?
7,Is the Miso and Corn Soup recipe suitable for a DASH diet?
7,What type of cuisine is the Miso and Corn Soup associated with?
8,What is the total carbohydrate content in the Red Hot Apple Pie in a Mug recipe?
8,Can you tell me how much protein is present in the Red Hot Apple Pie in a Mug?
8,What is the fat content in the Red Hot Apple Pie in a Mug from the DASH diet category?
8,Is the Red Hot Apple Pie in a Mug considered a high-protein recipe?
8,Does the Red Hot Apple Pie in a Mug recipe include ingredients typical of French cuisine?
9,What is the protein content in the Chocolate Cupcakes with Vanilla Cream Cheese Frosting recipe from the DASH diet plan?
9,How many grams of carbohydrates are contained in the American-style Chocolate Cupcakes with Vanilla Cream Cheese Frosting?
9,Could you tell me the amount of fat present in the Chocolate Cupcakes with Vanilla Cream Cheese Frosting recipe?
9,What type of diet does the Chocolate Cupcakes with Vanilla Cream Cheese Frosting recipe belong to?
9,What is the cuisine type of the Chocolate Cupcakes with Vanilla Cream Cheese Frosting?
10,What are some key ingredients in an Italian Tomato Tart suitable for a DASH diet?
10,How does the macronutrient distribution in an Italian Tomato Tart fit into the DASH diet guidelines?
10,Can you tell me how an Italian Tomato Tart aligns with Italian cuisine principles?
10,"What's the protein content in an Italian Tomato Tart, and is it suitable for a DASH diet meal?"
10,How does the carbohydrate level in an Italian Tomato Tart compare to typical DASH diet recommendations?
11,What is the protein content in the Vegetarian Green Chile Recipe?
11,Can you tell me the amount of carbohydrates in the Vegetarian Green Chile Recipe?
11,How much fat does the Vegetarian Green Chile Recipe contain?
11,Which diet type does the Vegetarian Green Chile Recipe belong to?
11,What type of cuisine is the Vegetarian Green Chile Recipe categorized under?
12,What is the protein content of the Hasselback Eggplant Parmesan recipe in the DASH diet?
12,How many grams of carbohydrates are in the Hasselback Eggplant Parmesan?
12,Can you tell me the total fat content in the American cuisine Hasselback Eggplant Parmesan dish?
12,Is the Hasselback Eggplant Parmesan recipe suitable for someone following a DASH diet given its macronutrient profile?
12,How does the carbohydrate level of Hasselback Eggplant Parmesan compare to its protein and fat content?
13,"How many grams of protein are found in the Polenta With Winter Salad, Poached Egg, and Blue Cheese recipe from 'Feast'?"
13,"What is the amount of carbohydrates in the Polenta With Winter Salad, Poached Egg, and Blue Cheese dish according to the provided recipe?"
13,"For someone following a DASH diet, would the fat content of the Polenta With Winter Salad, Poached Egg, and Blue Cheese recipe be considered high?"
13,"Can you tell me the cuisine type of the recipe Polenta With Winter Salad, Poached Egg, and Blue Cheese?"
13,"What does the protein content of the Polenta With Winter Salad, Poached Egg, and Blue Cheese suggest about its suitability for a high-protein diet?"
14,What are the nutritional details of the Sauteed Fiddlehead Ferns recipe?
14,Can you tell me the amount of protein in the Sauteed Fiddlehead Ferns dish?
14,I am following a DASH diet. Is the Sauteed Fiddlehead Ferns recipe suitable for me?
14,What is the cuisine type for the Sauteed Fiddlehead Ferns recipe?
14,How many grams of carbohydrates are in the Sauteed Fiddlehead Ferns meal?
15,What is the total protein content in the Skillet-Roasted Citrus Salmon with Grilled Vegetables recipe?
15,Can you tell me how many grams of carbohydrates are in the Skillet-Roasted Citrus Salmon with Grilled Vegetables?
15,What is the fat content in the Skillet-Roasted Citrus Salmon with Grilled Vegetables?
15,What type of diet is the Skillet-Roasted Citrus Salmon with Grilled Vegetables recipe suitable for?
15,Which cuisine does the Skillet-Roasted Citrus Salmon with Grilled Vegetables recipe belong to?
16,What are the main nutrients provided by the Little Neck Clams with Sungold Tomatoes dish?
16,Is the Little Neck Clams with Sungold Tomatoes suitable for a DASH diet?
16,Can you tell me about the cuisine style of the Little Neck Clams with Sungold Tomatoes recipe?
16,How high in protein is the Little Neck Clams with Sungold Tomatoes dish?
16,What type of carbs are found in the Little Neck Clams with Sungold Tomatoes recipe?
17,What type of diet does the Gazpacho recipe fall under in the provided information?
17,How much protein is contained in the Gazpacho recipe according to the given data?
17,Could you tell me the amount of carbohydrates in the Gazpacho recipe from the details provided?
17,"Based on the given recipe information, what is the fat content in the Gazpacho?"
17,What kind of cuisine is the Gazpacho recipe categorized under in the details you provided?
18,What is the fat content of the Steak Fajitas with Avocado Lime Crema?
18,Can you tell me how many grams of protein are in the Steak Fajitas with Avocado Lime Crema?
18,How many grams of carbohydrates does the Steak Fajitas with Avocado Lime Crema contain?
18,Is the Steak Fajitas with Avocado Lime Crema a suitable recipe for someone following the DASH diet?
18,Could you provide the type of cuisine for the Steak Fajitas with Avocado Lime Crema?
19,What is the protein content in the Vegetarian Beyond Meat Juicy Lucy Burger from the DASH diet type recipe?
19,How many grams of carbohydrates does the Vegetarian Beyond Meat Juicy Lucy Burger contain?
19,Can you tell me the amount of fat in the Vegetarian Beyond Meat Juicy Lucy Burger?
19,Which cuisine type does the Vegetarian Beyond Meat Juicy Lucy Burger belong to?
19,Is the Vegetarian Beyond Meat Juicy Lucy Burger suitable for someone following a DASH diet?
20,What is the protein content in the French Toast 'n' Cheese Sandwich?
20,Can you tell me the carbohydrate level in the French Toast 'n' Cheese Sandwich?
20,How much fat does the French Toast 'n' Cheese Sandwich contain?
20,Is a French Toast 'n' Cheese Sandwich considered part of the DASH diet?
20,What type of cuisine does the French Toast 'n' Cheese Sandwich belong to?
21,What are the main nutritional components of the Bourbon Maple Cider recipe?
21,Could you tell me the amount of carbohydrates in the Bourbon Maple Cider recipe?
21,Is the Bourbon Maple Cider recipe considered to have a high or low protein content?
21,What diet type does the Bourbon Maple Cider recipe fall under?
21,How much fat is present in the Bourbon Maple Cider recipe?
22,What are some potential health benefits of including a recipe like Cheesy Bruschetta Chicken in a DASH diet?
22,How does the carb content of Cheesy Bruschetta Chicken fit into a typical DASH diet meal plan?
22,Can the high protein content in Cheesy Bruschetta Chicken be beneficial for someone on an Italian DASH diet plan?
22,What modifications could be made to the Cheesy Bruschetta Chicken recipe to reduce its fat content?
22,How might the Cheesy Bruschetta Chicken recipe align with the dietary goals of someone focusing on Italian cuisine within the DASH diet guidelines?
23,What is the total carbohydrate content in the Black River Pearl recipe?
23,Can you tell me the protein content of the Black River Pearl dish?
23,How much fat is there in the Black River Pearl recipe?
23,What type of diet does the Black River Pearl recipe belong to?
23,What is the cuisine type of the Black River Pearl recipe?
24,What is the amount of carbohydrates in the Rum Swizzle recipe?
24,Can you tell me the protein content of the Rum Swizzle?
24,How much fat does the Rum Swizzle contain?
24,In what type of diet is the Rum Swizzle recipe categorized?
24,What cuisine is the Rum Swizzle recipe from?
25,What is the protein content in the Fried Deviled Eggs from the South East Asian cuisine in grams?
25,Could you tell me how many grams of carbohydrates are present in the DASH diet Fried Deviled Eggs?
25,"For the DASH diet recipe of Fried Deviled Eggs, what is the amount of fat in grams?"
25,I want to know the cuisine type for the Fried Deviled Eggs recipe listed under the DASH diet.
25,"Can you provide the total grams of protein, carbohydrates, and fat in the Fried Deviled Eggs from the DASH diet?"
26,What are the main sources of macronutrients in the Grilled Butterflied Lamb with African Spices and Herbed Yogurt?
26,How does the fat content in the Grilled Butterflied Lamb recipe compare to its protein and carbohydrate content?
26,Can you tell me what cuisine the Grilled Butterflied Lamb with African Spices and Herbed Yogurt is categorized under?
26,What is the overall protein content in the Grilled Butterflied Lamb with African Spices and Herbed Yogurt?
26,Is the Grilled Butterflied Lamb with African Spices and Herbed Yogurt suitable for maintaining a DASH diet?
27,How many grams of protein are in the Fried ham and cheese sandwich recipe?
27,What is the carbohydrate content in the Fried ham and cheese sandwich?
27,Can you tell me the amount of fat in the Fried ham and cheese sandwich?
27,What diet type does the Fried ham and cheese sandwich adhere to?
27,Which cuisine is the Fried ham and cheese sandwich associated with?
28,What is the main focus of the DASH diet that the 'Kim in the Swim' recipe follows?
28,How many grams of carbohydrates are in the 'Kim in the Swim' recipe?
28,Can you tell me how much protein is in the 'Kim in the Swim' recipe?
28,What type of cuisine does the 'Kim in the Swim' recipe belong to?
28,How much fat does the 'Kim in the Swim' recipe contain?
29,What are some high-protein recipes that fit the DASH diet?
29,Can you suggest a Mexican dish that is low in carbs?
29,I am looking for recipes with a good balance of protein and fat; any recommendations?
29,How can I modify a chili dish to increase its vegetable content while keeping it within a healthy diet?
29,What is the nutritional breakdown of the 'Chile Hold The Beans Add The Vegs' recipe?
30,What are the essential components of nutrition in the Trout Parmesan recipe?
30,Can you tell me more about the French cuisine style of the Trout Parmesan dish?
30,How does the protein content in Trout Parmesan compare to other dash diet recipes?
30,What makes the Trout Parmesan suitable for a dash diet?
30,Could you provide details on the carbohydrates present in the Trout Parmesan recipe?
31,What is the protein content in the Citrus Grilled Salmon recipe?
31,Can you tell me the carbohydrate amount in the Nordic cuisine Citrus Grilled Salmon?
31,How much fat does the DASH diet Citrus Grilled Salmon recipe contain?
31,Is the Citrus Grilled Salmon recipe high in protein?
31,"Can I find out the nutritional breakdown, including protein, carbs, and fat, for the Citrus Grilled Salmon recipe?"
32,What is the protein content in the Smoked Tuna Dip recipe?
32,Can you tell me the amount of carbohydrates found in the Smoked Tuna Dip?
32,How much fat does the Smoked Tuna Dip contain?
32,Is the Smoked Tuna Dip suitable for someone following a DASH diet?
32,What type of cuisine does the Smoked Tuna Dip belong to?
33,What is the total carbohydrate content in the Anything-But-Clementine Clafoutis recipe?
33,Can you tell me how much protein is in the Anything-But-Clementine Clafoutis recipe?
33,How much fat does the Anything-But-Clementine Clafoutis contain?
33,Is the Anything-But-Clementine Clafoutis suitable for a DASH diet?
33,Which cuisine does the Anything-But-Clementine Clafoutis recipe belong to?
34,How does the Grilled Bread with Goat Cheese & Green Olives recipe fit into a DASH diet plan?
34,What is the total carbohydrate content in the Grilled Bread with Goat Cheese & Green Olives recipe?
34,Can you tell me about the protein content in this Mediterranean recipe with goat cheese?
34,What are the distinguishing features of the Mediterranean cuisine in the Grilled Bread with Goat Cheese & Green Olives dish?
34,Is the fat content in the Grilled Bread with Goat Cheese & Green Olives recipe considered high for a DASH diet?
35,What is the total carbohydrate content in the Orange Sweet Rolls recipe?
35,Can you tell me the amount of protein in the Orange Sweet Rolls from the DASH diet?
35,"How much fat is in the Orange Sweet Rolls, categorized under American cuisine?"
35,What is the specific diet type for the recipe named Orange Sweet Rolls?
35,"Could you give me a brief overview of the nutritional content, including protein, carbs, and fat, for the Orange Sweet Rolls?"
36,What are the health benefits of following a DASH diet with recipes like the Green Monster?
36,How does the low fat content in the Green Monster Recipe fit into a balanced DASH diet plan?
36,Is the amount of protein in the Green Monster Recipe sufficient for a DASH diet staple?
36,Can the Green Monster Recipe's carbohydrate content be considered high or low for a typical meal in a DASH diet?
36,How would you categorize the Green Monster Recipe in terms of its suitability for a world cuisine lover following a DASH diet?
37,What are the health benefits of including cottage cheese in the Pesto Cottage Cheese Dip?
37,How does the DASH diet influence the preparation or choice of ingredients for the Pesto Cottage Cheese Dip?
37,Is the amount of protein in the Pesto Cottage Cheese Dip suitable for someone following a high-protein diet?
37,"Can the Pesto Cottage Cheese Dip be considered low in carbohydrates, and is it appropriate for a low-carb diet?"
37,Is the fat content in the Pesto Cottage Cheese Dip considered high for someone trying to reduce fat intake in their meals?
38,"What are the macronutrient breakdowns for the Milky Way Cake in terms of protein, carbohydrates, and fat?"
38,Can you tell me if the Milky Way Cake fits within the DASH diet?
38,What is the carbohydrate content in the Milky Way Cake recipe?
38,How much protein does the Milky Way Cake contain?
38,Is the Milky Way Cake considered an American cuisine dish?
39,What type of diet is suitable for the Sweet 'N Spicy Red Eye Ham Steaks With Cheese Grits And Seared Chard recipe?
39,How much protein does the Sweet 'N Spicy Red Eye Ham Steaks With Cheese Grits And Seared Chard contain?
39,Can you tell me the cuisine classification of the Sweet 'N Spicy Red Eye Ham Steaks With Cheese Grits And Seared Chard?
39,What is the carbohydrate content of the Sweet 'N Spicy Red Eye Ham Steaks With Cheese Grits And Seared Chard?
39,How much fat is in the Sweet 'N Spicy Red Eye Ham Steaks With Cheese Grits And Seared Chard dish?
40,Can I eat Keto Stuffed Peppers With Cauliflower Rice if I'm following a keto diet?
40,What is the total carbohydrate content in the Keto Stuffed Peppers With Cauliflower Rice recipe?
40,Does the recipe for Keto Stuffed Peppers With Cauliflower Rice contain more protein or fat?
40,Is the Keto Stuffed Peppers With Cauliflower Rice recipe suitable for a Mediterranean diet?
40,How much protein does the Keto Stuffed Peppers With Cauliflower Rice recipe provide?
41,What makes Aunt Rocky's Sausage & Cheddar Biscuit Snacks suitable for a keto diet?
41,Can you tell me how many grams of protein are in Aunt Rocky’s Sausage & Cheddar Biscuit Snacks?
41,How many grams of carbs does the recipe for Aunt Rocky's Sausage & Cheddar Biscuit Snacks contain?
41,Is Aunt Rocky's Sausage & Cheddar Biscuit Snacks safe for someone with gluten intolerance?
41,How much fat is included in the Aunt Rocky’s Sausage & Cheddar Biscuit Snacks recipe?
42,What is the level of carbohydrates in the Keto Parmesan Roasted Broccoli recipe?
42,Can you tell me the protein content in the Keto Parmesan Roasted Broccoli?
42,What kind of cuisine does the Keto Parmesan Roasted Broccoli recipe belong to?
42,How much fat is included in the Keto Parmesan Roasted Broccoli dish?
42,Does the Keto Parmesan Roasted Broccoli recipe fit within a ketogenic diet?
43,What is the amount of protein in the Keto Cilantro Lime Cauliflower Rice recipe?
43,Can you tell me how many carbohydrates are in this Mediterranean dish called Keto Cilantro Lime Cauliflower Rice?
43,"Does the Keto Cilantro Lime Cauliflower Rice have a high fat content, and if so, how much?"
43,How does the Keto Cilantro Lime Cauliflower Rice fit into a keto diet given its carbohydrate content?
43,What type of cuisine is the Keto Cilantro Lime Cauliflower Rice recipe categorized under?
44,What is the carbohydrate content in the Keto Slow Cooker Mexican Chicken Thighs recipe?
44,Can you tell me how much protein is in the Keto Slow Cooker Mexican Chicken Thighs?
44,How much fat does the Keto Slow Cooker Mexican Chicken Thighs recipe contain?
44,Which cuisine does the Keto Slow Cooker Mexican Chicken Thighs fall under?
44,Is the Keto Slow Cooker Mexican Chicken Thighs suitable for a keto diet?
45,What are the main ingredients used in the Keto Parmesan Crisps with Tomato Slices recipe?
45,How many carbohydrates are in the Keto Parmesan Crisps with Tomato Slices?
45,Is the Keto Parmesan Crisps with Tomato Slices dish fitting within a low-carb diet?
45,What cuisine does the Keto Parmesan Crisps with Tomato Slices recipe belong to?
45,How much protein does the Keto Parmesan Crisps with Tomato Slices contain?
46,"What are the macronutrient contents of the Moroccan Ketchup - Keto Spicy Tomato Dip recipe, specifically the protein, carbs, and fat amounts?"
46,How suitable is the Moroccan Ketchup for a keto diet given its carbohydrate content?
46,Can you suggest ways to reduce the carbohydrates in the Moroccan Ketchup - Keto Spicy Tomato Dip to make it more keto-friendly?
46,Is the Moroccan Ketchup - Keto Spicy Tomato Dip considered high in protein for a keto recipe?
46,"What is the total fat content in the Moroccan Ketchup - Keto Spicy Tomato Dip recipe, and how does it align with a typical keto diet?"
47,Can you tell me how much protein is in the Quick Keto Chocolate Mousse?
47,What is the total amount of carbs found in the Quick Keto Chocolate Mousse?
47,How much fat does the Quick Keto Chocolate Mousse contain?
47,Is the Quick Keto Chocolate Mousse suitable for a ketogenic diet?
47,What kind of cuisine is the Quick Keto Chocolate Mousse classified under?
48,What is the total carbohydrate content in the Low Carb Keto 'Cornbread' recipe?
48,Can you tell me how much protein is in the keto 'Cornbread' recipe?
48,How much fat does this Low Carb Keto 'Cornbread' contain?
48,What type of cuisine is the Low Carb Keto 'Cornbread' recipe classified under?
48,Is the Low Carb Keto 'Cornbread' suitable for a ketogenic diet?
49,What type of diet is suitable for a Blueberry Cheesecake Keto recipe?
49,How many grams of protein are in the Blueberry Cheesecake Keto recipe?
49,What is the total fat content in the Blueberry Cheesecake Keto recipe?
49,Could you tell me the amount of carbohydrates in the Blueberry Cheesecake Keto recipe?
49,What cuisine does the Blueberry Cheesecake Keto recipe belong to?
50,What is the total carbohydrate content in the Easy Four Cheese Pesto Zoodles - Keto recipe?
50,Is the Easy Four Cheese Pesto Zoodles suitable for a keto diet?
50,What is the cuisine type for the Easy Four Cheese Pesto Zoodles - Keto recipe?
50,Can you tell me about the protein content in the Easy Four Cheese Pesto Zoodles?
50,What type of diet is the Easy Four Cheese Pesto Zoodles recipe categorized under?
51,What is the protein content in the Mustard Sardines Salad Recipe for a keto diet?
51,How many grams of carbohydrates are in the Mustard Sardines Salad Recipe?
51,Can you tell me the amount of fat in the Mustard Sardines Salad Recipe?
51,What type of cuisine is the Mustard Sardines Salad Recipe associated with?
51,Is the Mustard Sardines Salad suitable for a keto diet?
52,"What is the amount of protein in the Broccoli & Chicken Stir Fry Recipe that's listed as a keto, low carb, and paleo option?"
52,Can you tell me the total carbohydrate content in the Chinese keto recipe Broccoli & Chicken Stir Fry?
52,How much fat is included in the Broccoli & Chicken Stir Fry Recipe for the keto diet?
52,"What type of diet does the Broccoli & Chicken Stir Fry Recipe cater to, according to the provided information?"
52,Could you give me an idea of what cuisine type the Broccoli & Chicken Stir Fry Recipe belongs to?
53,What is the main source of protein in the Keto Pesto Chicken Pasta?
53,Does the Keto Pesto Chicken Pasta have a high fat content?
53,Is the Keto Pesto Chicken Pasta suitable for a keto diet?
53,How many grams of carbohydrates are in the Keto Pesto Chicken Pasta?
53,Can you tell me the cuisine type of the Keto Pesto Chicken Pasta recipe?
54,What are the main ingredients in the Keto bounty balls recipe?
54,Can you tell me how many grams of fat are in each serving of the Keto bounty balls?
54,Is the Keto bounty balls recipe suitable for someone on a ketogenic diet?
54,How does the amount of protein in Keto bounty balls compare to its carbohydrate content?
54,Would the Keto bounty balls recipe be considered a high-carbohydrate dessert?
55,What is the protein content in the Crockpot Chicken Enchilada Bowls recipe for a keto diet?
55,How many grams of carbohydrates are in the Crockpot Chicken Enchilada Bowls which are suitable for a Whole30 diet?
55,Can you tell me the amount of fat included in the Paleo-friendly Crockpot Chicken Enchilada Bowls?
55,"Is the Crockpot Chicken Enchilada Bowls recipe high in protein, and if so, how much does it contain?"
55,"For someone following a keto diet, how many carbs are in the Crockpot Chicken Enchilada Bowls?"
56,What is the carb content in the Easy Keto Meatballs recipe?
56,Can you tell me the amount of protein in the Easy Keto Meatballs?
56,How much fat is contained in the Easy Keto Meatballs according to the recipe?
56,Is the Easy Keto Meatballs recipe suitable for a keto diet?
56,Which cuisine type is the Easy Keto Meatballs recipe categorized under?
57,What is the primary source of protein in the Keto Broccoli Casserole recipe?
57,Does the Keto Broccoli Casserole fit within a low-carb diet?
57,Can the Keto Broccoli Casserole be considered a high-fat dish?
57,What cuisine does the Keto Broccoli Casserole fall under?
57,What is the total carbohydrate content in the Keto Broccoli Casserole?
58,What is the carbohydrate content in the recipe for fully loaded pan fried radishes?
58,How much protein can I expect from the fully loaded pan fried radishes recipe?
58,Could you tell me the fat content in the keto recipe for fully loaded pan fried radishes?
58,Is the fully loaded pan fried radishes recipe suitable for a British cuisine diet?
58,Does the fully loaded pan fried radishes recipe align with the keto diet?
59,What is the protein content in the Easiest Keto Meatza You'll Ever Make recipe?
59,How many grams of carbohydrates are in the Easiest Keto Meatza You’ll Ever Make recipe?
59,Can you tell me the amount of fat in the Easiest Keto Meatza You’ll Ever Make recipe?
59,Is the Easiest Keto Meatza You’ll Ever Make recipe suitable for a keto diet?
59,Which cuisine does the Easiest Keto Meatza You’ll Ever Make recipe belong to?
60,What is a good keto snack option that is influenced by French cuisine?
60,How much protein is in the Rosemary Almond Keto Crackers recipe?
60,Could you tell me the carbohydrate content of the Rosemary Almond Keto Crackers?
60,I am following a keto diet; what is a high-fat recipe I could try?
60,What is an example of a French-inspired recipe with a low carbohydrate content?
61,What are the macronutrient contents of the Keto Condensed Milk recipe?
61,How many grams of protein are in the Keto Condensed Milk dish?
61,Is the Keto Condensed Milk recipe suitable for a keto diet?
61,How does the fat content in the Keto Condensed Milk compare to its carbohydrate content?
61,What type of cuisine does the Keto Condensed Milk belong to?
62,What is the total protein content in the Coconut Curry Chicken keto recipe?
62,Can you tell me the amount of carbohydrates in the Coconut Curry Chicken recipe designed for a keto diet?
62,How much fat does the Coconut Curry Chicken recipe contain?
62,"Is the Coconut Curry Chicken a good option for someone following a keto diet, considering its nutritional content?"
62,Could you confirm if the Coconut Curry Chicken recipe is suitable for Indian cuisine preferences?
63,What are some keto-friendly dessert options that do not use eggs or starch?
63,Can you suggest a British dessert recipe that fits a keto diet plan?
63,How can I make a vanilla pudding that is both egg-free and starch-free?
63,Are there low-carb pudding recipes suitable for a keto diet?
63,"What are the nutrient contents of a keto vanilla pudding, specifically the protein, carbs, and fat amounts?"
64,What are the carbohydrate content and its impact on a keto diet for the Keto Smoky Chicken and Vegetable Sheet Pan Dinner?
64,Can you tell me about the protein content in the Keto Smoky Chicken and Vegetable Sheet Pan Dinner?
64,"How much fat is included in the Keto Smoky Chicken and Vegetable Sheet Pan Dinner, and is it suitable for a keto diet?"
64,Which British cuisine aspects are reflected in the Keto Smoky Chicken and Vegetable Sheet Pan Dinner?
64,Does the Keto Smoky Chicken and Vegetable Sheet Pan Dinner have an appropriate balance of macronutrients for someone on a keto diet?
65,What is the amount of protein in the Keto Mug Cake recipe?
65,Can you tell me how many carbohydrates are in the Keto Mug Cake?
65,How much fat does the Keto Mug Cake contain?
65,Is the Keto Mug Cake recipe suitable for a keto diet?
65,Could you provide the cuisine type for the Keto Mug Cake?
66,What is the protein content in the Keto Thai Red Curry Paste recipe?
66,How many carbohydrates does the Keto Thai Red Curry Paste contain?
66,Could you tell me the amount of fat present in the Keto Thai Red Curry Paste?
66,Is the Keto Thai Red Curry Paste suitable for a ketogenic diet?
66,What type of cuisine does the Keto Thai Red Curry Paste belong to?
67,What are some keto-friendly vegan desserts I can make?
67,How many grams of protein are in a vegan keto shortbread pie crust?
67,Can you tell me the total fat content in a vegan keto shortbread pie crust recipe?
67,What is the carbohydrate content in the vegan keto shortbread pie crust recipe?
67,Is the vegan keto shortbread pie crust recipe suitable for an American cuisine-themed dinner?
68,What is the amount of protein content in the Keto Pepper Steak recipe?
68,How many carbohydrates are in the Keto Pepper Steak?
68,Can you tell me the total fat content in the Keto Pepper Steak?
68,Is the Keto Pepper Steak suitable for a ketogenic diet given its carbohydrate content?
68,What type of cuisine does the Keto Pepper Steak belong to?
69,How many grams of carbohydrates are in the Keto Slow Cooker Brisket Chili Recipe?
69,Can you tell me the protein content in the Keto Slow Cooker Brisket Chili Recipe?
69,What is the fat content in the Keto Slow Cooker Brisket Chili Recipe?
69,What cuisine type does the Keto Slow Cooker Brisket Chili Recipe belong to?
69,Is the Keto Slow Cooker Brisket Chili Recipe suitable for someone following a keto diet?
70,What is the carbohydrate content in the Keto Pork Chops al Pastor - Low Carb recipe?
70,Could you tell me the amount of protein in the Keto Pork Chops al Pastor - Low Carb?
70,How much fat does the Keto Pork Chops al Pastor - Low Carb recipe contain?
70,Is the Keto Pork Chops al Pastor - Low Carb recipe suitable for a ketogenic diet?
70,What type of cuisine is the Keto Pork Chops al Pastor - Low Carb from?
71,How many grams of protein are in the Keto Cheesy Beef Taco Skillet with Cauliflower?
71,What type of cuisine is the Keto Cheesy Beef Taco Skillet with Cauliflower classified as?
71,Can you tell me the carbohydrate content of the Keto Cheesy Beef Taco Skillet with Cauliflower?
71,What is the amount of fat present in the Keto Cheesy Beef Taco Skillet with Cauliflower?
71,Is the Keto Cheesy Beef Taco Skillet with Cauliflower suitable for a keto diet?
72,"What are the main ingredients used in the Gluten Free, Keto Friendly, Low Carb, Pie crust recipe?"
72,How many grams of carbohydrates are in the Keto Friendly Pie crust?
72,Is the British cuisine style Pie crust suitable for a keto diet?
72,What is the protein content of the Low Carb Pie crust?
72,Can you tell me about the fat content in the Keto Friendly Pie crust?
73,How many grams of protein are in the EZ Keto Pizza recipe?
73,What is the carbohydrate content for the EZ Keto Pizza in grams?
73,Can you tell me the total fat content for the EZ Keto Pizza?
73,Is the EZ Keto Pizza suitable for a keto diet?
73,What type of cuisine does the EZ Keto Pizza belong to?
74,What is the total amount of protein in the Air Fryer Keto Fried Chicken recipe?
74,Is the Air Fryer Keto Fried Chicken recipe suitable for a gluten-free diet?
74,Does the Air Fryer Keto Fried Chicken recipe fall under the American cuisine category?
74,How many grams of carbohydrates are present in the Air Fryer Keto Fried Chicken meal?
74,Can the Air Fryer Keto Fried Chicken recipe be classified as paleo?
75,Can you tell me how many grams of protein are present in the KETO Mexican Melty Chicken Queso Casserole?
75,What is the total carbohydrate content in the KETO Mexican Melty Chicken Queso Casserole?
75,I'd like to know the amount of fat in the KETO Mexican Melty Chicken Queso Casserole. Can you provide that?
75,What diet type does the KETO Mexican Melty Chicken Queso Casserole belong to?
75,Could you confirm the cuisine category of the KETO Mexican Melty Chicken Queso Casserole?
76,What are the macronutrient contents of the Keto-Friendly Soft Tacos recipe?
76,Can you tell me if the Keto-Friendly Soft Tacos are suitable for a keto diet?
76,How many grams of protein does the Keto-Friendly Soft Tacos recipe contain?
76,What is the total amount of carbohydrates in the Keto-Friendly Soft Tacos?
76,Could you provide the fat content for the Keto-Friendly Soft Tacos recipe?
77,What is the primary diet type of the Easy Keto Korean Beef with Cauli Rice recipe?
77,Can you tell me how many grams of protein are in the Easy Keto Korean Beef with Cauli Rice dish?
77,Could you specify the total carbohydrate content found in the Easy Keto Korean Beef with Cauli Rice meal?
77,I would like to know the fat content in grams for the Easy Keto Korean Beef with Cauli Rice recipe.
77,What kind of cuisine does the Easy Keto Korean Beef with Cauli Rice recipe belong to?
78,How much protein is in the Mini Zucchini Avocado Burgers?
78,What is the carbohydrate content of the Mini Zucchini Avocado Burgers recipe?
78,"I am following a keto diet, is the Mini Zucchini Avocado Burgers recipe suitable for me?"
78,Could you tell me the amount of fat present in the Mini Zucchini Avocado Burgers?
78,What type of cuisine do the Mini Zucchini Avocado Burgers belong to?
79,How many grams of protein are in the Pork Tenderloin with Roasted Veggies (Keto) recipe?
79,What is the total carbohydrate content in the Pork Tenderloin with Roasted Veggies (Keto)?
79,Can you tell me how much fat is included in the British keto recipe for Pork Tenderloin with Roasted Veggies?
79,What is the type of diet associated with the Pork Tenderloin with Roasted Veggies recipe?
79,Does the Pork Tenderloin with Roasted Veggies (Keto) recipe fall under British cuisine?
80,What is the total carbohydrate content in the keto-friendly Chocolate Truffles recipe?
80,How much protein is in the French-style Chocolate Truffles?
80,Can you tell me the fat content in the Chocolate Truffles keto recipe?
80,Is the Chocolate Truffles recipe suitable for a keto diet based on its nutrition facts?
80,Could you provide details about the protein content in the French Chocolate Truffles?
81,What is the carbohydrate content in the Low Carb Keto Asiago Alfredo Brussels Sprouts recipe?
81,Could you tell me the amount of protein in the Low Carb Keto Asiago Alfredo Brussels Sprouts dish?
81,How much fat does the Low Carb Keto Asiago Alfredo Brussels Sprouts recipe contain?
81,"I want to confirm, is the Low Carb Keto Asiago Alfredo Brussels Sprouts categorized as a keto diet recipe?"
81,What is the culinary style or cuisine type of the Low Carb Keto Asiago Alfredo Brussels Sprouts?
82,What is the amount of protein in the Keto Spinach Pesto Flatbread recipe?
82,Can you tell me how many carbohydrates are present in the Keto Spinach Pesto Flatbread?
82,How much fat does the Keto Spinach Pesto Flatbread contain?
82,What type of diet is the Keto Spinach Pesto Flatbread suitable for?
82,What cuisine does the Keto Spinach Pesto Flatbread belong to?
83,What is the fat content in the Keto Mousse recipe?
83,Can you tell me how many grams of protein are in the Keto Mousse?
83,What is the carbohydrate content in the Keto Mousse?
83,Is the Keto Mousse suitable for a ketogenic diet?
83,Which cuisine does the Keto Mousse recipe belong to?
84,What is the carbohydrate content in the Orange and Five-Spice Roasted Chicken Legs recipe?
84,Can you tell me how much protein is in the Mediterranean keto recipe for chicken legs?
84,How much fat does the Orange and Five-Spice Roasted Chicken Legs contain?
84,Is the Orange and Five-Spice Roasted Chicken Legs recipe suitable for a paleo diet?
84,What are the main dietary types covered by the Orange and Five-Spice Roasted Chicken Legs recipe?
85,What is the carbohydrate content in the Creamy Keto Taco Soup with Ground Beef?
85,Can you tell me the amount of protein present in the Creamy Keto Taco Soup with Ground Beef recipe?
85,How much fat does the Creamy Keto Taco Soup with Ground Beef contain?
85,Is the Creamy Keto Taco Soup with Ground Beef suitable for a keto diet?
85,What cuisine type does the Creamy Keto Taco Soup with Ground Beef belong to?
86,What are some tips for making a keto-friendly meatloaf in a slow cooker?
86,Can you provide the nutritional breakdown for a keto barbecue meatloaf recipe?
86,Are there any specific ingredients typically included in a Central European keto meatloaf?
86,What is the general macronutrient profile of a keto meal like this meatloaf?
86,How can I modify a traditional meatloaf recipe to fit a keto diet?
87,What makes the Keto Crepes recipe suitable for a keto diet?
87,Can you tell me about the fat content in these Keto Crepes?
87,How does the protein content in this Keto Crepes recipe compare to its carbs?
87,Is this Keto Crepes recipe influenced by any specific cuisine type?
87,What is the carbohydrate content of the Keto Crepes recipe?
88,What is the main type of diet that the Beef Crust for Pizza aligns with?
88,Can you tell me the total amount of protein in the Beef Crust for Pizza recipe?
88,How many carbohydrates are present in the Beef Crust for Pizza recipe?
88,"For someone following a keto diet, what Italian recipe involving beef would you recommend?"
88,Could you provide the amount of fat content in the Beef Crust for Pizza?
89,What is the carbohydrate content in the Keto Chicken Jalapeno Poppers recipe?
89,Are the Keto Chicken Jalapeno Poppers suitable for a paleo diet?
89,How much protein does the Keto Chicken Jalapeno Poppers recipe contain?
89,Is the Keto Chicken Jalapeno Poppers recipe dairy-free?
89,What is the total fat content in the Keto Chicken Jalapeno Poppers recipe?
90,What are the main macronutrients present in Sara Louise's Keto Baked Cauliflower Florets recipe?
90,How suitable is Sara Louise's Keto Baked Cauliflower Florets for a Mediterranean diet?
90,What is the total amount of protein in Sara Louise's Keto Baked Cauliflower Florets recipe?
90,How many carbs does Sara Louise's Keto Baked Cauliflower Florets contain?
90,Is Sara Louise's Keto Baked Cauliflower Florets high in fat according to the keto diet requirements?
91,What is the total protein content in the Keto Creamy Cheddar Bacon Chicken recipe?
91,Can you tell me the total carbohydrate content of the Keto Creamy Cheddar Bacon Chicken dish?
91,I would like to know the total fat content in the Keto Creamy Cheddar Bacon Chicken.
91,Is the Keto Creamy Cheddar Bacon Chicken suitable for a keto diet?
91,Which cuisine does the Keto Creamy Cheddar Bacon Chicken belong to?
92,What is the total carbohydrate content in the Keto Rosemary Dill Salmon recipe?
92,How much protein does the Keto Rosemary Dill Salmon recipe contain?
92,Is the Keto Rosemary Dill Salmon suitable for a keto diet?
92,What type of cuisine does the Keto Rosemary Dill Salmon recipe belong to?
92,How much fat is in the Keto Rosemary Dill Salmon recipe?
93,What are the macronutrient ratios for the keto ice cream recipe considering its high fat content?
93,"Considering it's a keto recipe, how do the carbs in the ice cream compare to a standard diet dessert?"
93,How can I ensure that the protein content in the keto ice cream helps me meet my daily intake requirement?
93,Are there any specific ingredients in this keto ice cream recipe that account for its high fat content?
93,"Is the keto ice cream suitable for someone trying to maintain ketosis, and what should I be mindful of due to its carb content?"
94,What is the total amount of protein in the Mediterranean Chicken recipe?
94,How many grams of carbohydrates are in the Mediterranean Chicken dish?
94,Can you tell me the fat content of the Mediterranean Chicken recipe?
94,What type of cuisine is the Mediterranean Chicken recipe classified under?
94,Does the Mediterranean Chicken recipe fit into a Mediterranean diet plan?
95,What is the total amount of protein in the Mediterranean Chicken Couscous recipe?
95,How many grams of carbohydrates are present in the Mediterranean Chicken Couscous?
95,Can you tell me the total fat content in the Mediterranean Chicken Couscous dish?
95,Is the Mediterranean Chicken Couscous recipe suitable for a Mediterranean diet plan?
95,Could you provide the cuisine type of the Mediterranean Chicken Couscous recipe?
96,What are the main ingredients needed for the Red Snapper with Tomatoes and Olives Baked in Foil Recipe?
96,How many grams of protein does the Red Snapper with Tomatoes and Olives Baked in Foil Recipe contain?
96,Can you give me the total carbohydrate content in the Red Snapper with Tomatoes and Olives Baked in Foil Recipe?
96,What type of diet does the Red Snapper with Tomatoes and Olives Baked in Foil Recipe fall under?
96,Is the Red Snapper with Tomatoes and Olives Baked in Foil Recipe considered an American cuisine?
97,What is the protein content of the Mediterranean Pan Roasted Salmon recipe?
97,How many grams of carbohydrates are in the Mediterranean Pan Roasted Salmon dish?
97,Can you tell me the amount of fat in the Mediterranean Pan Roasted Salmon recipe?
97,What type of diet is the Mediterranean Pan Roasted Salmon recipe suitable for?
97,Under which cuisine type is the Mediterranean Pan Roasted Salmon categorized?
98,What are some alternative ways to lower the carbohydrate content in the Mediterranean mac and cheese recipe?
98,How does the fat content in the Mediterranean mac and cheese compare to traditional American mac and cheese recipes?
98,Can you suggest ingredients to increase the protein content in the Mediterranean mac and cheese?
98,What makes this Mediterranean mac and cheese recipe suitable for a Mediterranean diet?
98,Are there any modifications to the Mediterranean mac and cheese that can make it more suitable for a low-fat diet?
99,How many grams of protein are in the Greek lamb & macaroni bake?
99,What is the total carbohydrate content in the Greek lamb & macaroni bake?
99,Can you tell me the total fat content of the Greek lamb & macaroni bake?
99,What type of cuisine does the Greek lamb & macaroni bake belong to?
99,Under which diet category can the Greek lamb & macaroni bake be classified?
100,What is the protein content in the Mediterranean Orzo Pilaf recipe?
100,Can you tell me the total carbohydrate content of the Mediterranean Orzo Pilaf?
100,How much fat does the Mediterranean Orzo Pilaf contain?
100,What type of diet does the Mediterranean Orzo Pilaf fit into?
100,Could you confirm the type of cuisine the Mediterranean Orzo Pilaf is associated with?
101,"What is the protein content in the Hummus Pizza, Mediterranean Style recipe?"
101,Can you tell me how many carbohydrates are present in the Mediterranean style Hummus Pizza?
101,"I'd like to know the amount of fat in the Hummus Pizza, Mediterranean Style. Can you provide that information?"
101,"Is the Hummus Pizza, Mediterranean Style considered an Italian cuisine?"
101,What diet type does the Mediterranean-style Hummus Pizza follow?
102,"Can you tell me how much protein is in the Mediterranean recipe for Stuffed Peppers, Tomatoes, and Mushrooms?"
102,"What is the total amount of carbohydrates in the Italian dish Stuffed Peppers, Tomatoes, and Mushrooms from the Mediterranean diet?"
102,"How much fat is present in the Stuffed Peppers, Tomatoes, and Mushrooms recipe belonging to the Mediterranean diet?"
102,"What is the cuisine type of the Stuffed Peppers, Tomatoes, and Mushrooms recipe from your Mediterranean diet options?"
102,"Could you provide the protein content for the Stuffed Peppers, Tomatoes, and Mushrooms dish from the Italian cuisine category?"
103,What type of diet does the Mediterranean Grilled Vegetable Soup recipe cater to?
103,Can you tell me how many grams of protein are in the Mediterranean Grilled Vegetable Soup?
103,I need to know the carbohydrate content of the Mediterranean Grilled Vegetable Soup. Could you provide that?
103,What is the fat content in the Mediterranean Grilled Vegetable Soup recipe?
103,Could you confirm which cuisine the Mediterranean Grilled Vegetable Soup recipe belongs to?
104,What is the protein content in the Mediterranean Chicken recipe?
104,How many grams of carbohydrates are there in the Mediterranean Chicken?
104,Could you tell me the amount of fat in the Mediterranean Chicken recipe?
104,What type of cuisine does the Mediterranean Chicken recipe belong to?
104,Is the Mediterranean Chicken recipe suitable for a Mediterranean diet?
105,What is the dietary style of the Mediterranean-style Grilled Sardines recipe?
105,How much protein is present in the Mediterranean-style Grilled Sardines?
105,Can you tell me the carbohydrate content of the Mediterranean-style Grilled Sardines?
105,What is the total fat content in the Mediterranean-style Grilled Sardines recipe?
105,Which cuisine does the Mediterranean-style Grilled Sardines recipe belong to?
106,What is the protein content in the Baked Hummus recipe?
106,Can you tell me the carbohydrate amount in the Baked Hummus?
106,How much fat does the Mediterranean Baked Hummus contain?
106,Is the Baked Hummus suitable for a Mediterranean diet?
106,Can you provide the nutritional breakdown for the Baked Hummus recipe?
107,What is the protein content of the Mediterranean Tuna Salad?
107,How many carbohydrates are in the Mediterranean Tuna Salad?
107,Could you tell me the amount of fat in the Mediterranean Tuna Salad?
107,What type of diet does the Mediterranean Tuna Salad comply with?
107,What is the cuisine type of the Mediterranean Tuna Salad?
108,What is the protein content in the Greek Grilled Salmon Kebabs with Tzatziki & Green Beans recipe?
108,Could you tell me how many carbohydrates are in the Mediterranean dish featuring salmon kebabs?
108,How much fat is included in the Greek Grilled Salmon Kebabs with Tzatziki & Green Beans meal?
108,"What is the overall nutritional breakdown, including protein, carbs, and fat, in the Greek Grilled Salmon Kebabs?"
108,Can you confirm if the Greek Grilled Salmon Kebabs are classified under the Mediterranean diet?
109,What are the main nutritional components I should be aware of in a Greek Salad?
109,Can you break down the macronutrient content of this Mediterranean Greek Salad recipe?
109,I'm interested in the Greek Salad recipe; how many carbs does it contain?
109,How much protein is in the Greek Salad according to the recipe details?
109,What is the fat content of the Greek Salad in this Mediterranean diet recipe?
110,What is the main source of protein in the Herb Braised Chicken with Mushrooms and Tomatoes recipe?
110,Could you tell me the carbohydrate content of the Herb Braised Chicken with Mushrooms and Tomatoes from the Mediterranean diet?
110,I am following a Mediterranean diet; does the Herb Braised Chicken with Mushrooms and Tomatoes recipe fit into this dietary plan?
110,What type of cuisine is the Herb Braised Chicken with Mushrooms and Tomatoes recipe considered?
110,How much fat is contained in the Herb Braised Chicken with Mushrooms and Tomatoes dish?
111,What is the protein content in the Italian Sausage & Vegetable Stew recipe?
111,How many grams of carbohydrates are in the Italian Sausage & Vegetable Stew dish?
111,Can you tell me the fat content for the Italian Sausage & Vegetable Stew?
111,Which diet type does the Italian Sausage & Vegetable Stew recipe fit into?
111,What cuisine does the Italian Sausage & Vegetable Stew recipe belong to?
112,How can I incorporate more protein into the Spiced Silverbeet and Pumpkin Hash recipe?
112,"Is the fat content high in the Spiced Silverbeet and Pumpkin Hash recipe, and is it healthy fat?"
112,What makes the Spiced Silverbeet and Pumpkin Hash recipe suitable for a Mediterranean diet?
112,"How many carbohydrates are in the Spiced Silverbeet and Pumpkin Hash, and is it a good option for someone monitoring their carb intake?"
112,"Can the Spiced Silverbeet and Pumpkin Hash be modified for a different cuisine, and if so, how?"
113,"What are the nutritional values of the Mediterranean Salad in terms of protein, carbohydrates, and fat?"
113,Is the Mediterranean Salad suitable for someone following a Mediterranean diet?
113,How much protein is present in the Mediterranean Salad recipe?
113,Could you tell me the total amount of carbohydrates in the Mediterranean Salad?
113,What is the fat content in the Mediterranean Salad recipe?
114,What is the fat content in the Mediterranean diet recipe 'Chicken with Cherry Tomato and Olive Topping'?
114,How much protein does the 'Chicken with Cherry Tomato and Olive Topping' recipe contain?
114,What type of cuisine is associated with the 'Chicken with Cherry Tomato and Olive Topping' recipe?
114,Could you tell me the carbohydrate content of the 'Chicken with Cherry Tomato and Olive Topping' dish?
114,What is the diet type of the recipe named 'Chicken with Cherry Tomato and Olive Topping'?
115,What are the macronutrient breakdowns for the Mediterranean Herbed Pork Roast recipe?
115,Does the Mediterranean Herbed Pork Roast recipe fit within a high-protein diet plan?
115,Can you tell me how many grams of carbohydrates are in the Mediterranean Herbed Pork Roast?
115,Is the Mediterranean Herbed Pork Roast considered a high-fat dish?
115,What type of cuisine does the Mediterranean Herbed Pork Roast belong to?
116,What type of diet does the Irish Pizza recipe fit into?
116,Can you tell me how much protein is in the Irish Pizza?
116,What is the total carbohydrate content of the Irish Pizza?
116,How much fat does the Irish Pizza contain?
116,Under which cuisine is the Irish Pizza recipe categorized?
117,What is the primary source of protein in the Mediterranean Vegan Bowl?
117,Can you provide a breakdown of the macronutrient content in the Mediterranean Vegan Bowl?
117,How does the Mediterranean Vegan Bowl fit into a Mediterranean diet?
117,Is the Mediterranean Vegan Bowl considered a high-carb meal?
117,Does the Mediterranean Vegan Bowl contain healthy fats often found in a Mediterranean diet?
118,What are the main protein sources in the Mediterranean Chicken Recipe?
118,Can you tell me the total carbohydrate content in the Mediterranean Chicken Recipe?
118,How much fat is present in the Mediterranean Chicken Recipe?
118,What type of cuisine does the Mediterranean Chicken Recipe belong to?
118,What kind of diet is the Mediterranean Chicken Recipe suitable for?
119,What are some ways to enjoy Spicy Shrimp Tortillitas with Mango Mayonnaise in a balanced Mediterranean diet?
119,How much protein is contained in the Spicy Shrimp Tortillitas with Mango Mayonnaise recipe?
119,Can you provide insight into the carb content of the Spicy Shrimp Tortillitas with Mango Mayonnaise?
119,What is the total amount of fat in the Spicy Shrimp Tortillitas with Mango Mayonnaise dish?
119,Could you tell me about the key Mediterranean influences on Spicy Shrimp Tortillitas with Mango Mayonnaise?
120,What are the macronutrient contents of the Mediterranean Meatballs recipe?
120,"In the Mediterranean Meatballs recipe, how many grams of protein does it contain?"
120,How many grams of carbohydrates does the Mediterranean Meatballs recipe have?
120,Can you tell me the fat content in the Mediterranean Meatballs from the Mediterranean diet?
120,What is the cuisine type of the Mediterranean Meatballs recipe?
121,What are some Mediterranean diet recipes that are rich in protein?
121,Can you provide a recipe for Mediterranean cuisine that includes meatballs?
121,How many grams of carbohydrates are found in the Greek Meatball Mezze Bowls?
121,Does the Greek Meatball Mezze Bowls recipe include a high amount of fat?
121,What is the protein content of the Greek Meatball Mezze Bowls recipe?
122,"What are the main ingredients used in the Provence on a Plate - Roasted Eggplant, Tomato and Tapenade Pizza with Goat Cheese recipe?"
122,Can you tell me how much protein is in the Provence on a Plate recipe from the Mediterranean diet section?
122,I am following an Italian cuisine meal plan; does the Provence on a Plate pizza fit this type?
122,How many grams of fat does the Mediterranean diet pizza with roasted eggplant and goat cheese have?
122,"Is the Provence on a Plate pizza suitable for someone monitoring their carbohydrate intake, and if so, what is the carb content?"
123,What type of diet is the Lamb Chops with Asparagus and Farro recipe suitable for?
123,Can you tell me the cuisine type of the Lamb Chops with Asparagus and Farro dish?
123,What is the total protein content in the Lamb Chops with Asparagus and Farro recipe?
123,Could you provide the carbohydrate content in the Lamb Chops with Asparagus and Farro dish?
123,How much fat does the Lamb Chops with Asparagus and Farro recipe have?
124,What are the key ingredients in the Mediterranean Rice Salad with Roasted Red Peppers?
124,How many grams of carbohydrates are in the Mediterranean Rice Salad with Roasted Red Peppers?
124,Can you tell me about the nutritional profile of the Mediterranean Rice Salad with Roasted Red Peppers in terms of protein content?
124,Is the fat content high in the Mediterranean Rice Salad with Roasted Red Peppers?
124,Could you provide a brief description of the flavor and texture of the Mediterranean Rice Salad with Roasted Red Peppers?
125,What is the primary source of protein in the Mediterranean lamb pizza recipe?
125,Can you provide the carbohydrate content for the Mediterranean lamb pizza?
125,What are the key ingredients that contribute to the fat content in the Mediterranean lamb pizza?
125,Is the Mediterranean lamb pizza suitable for a Mediterranean diet?
125,Could you tell me the cuisine type for the Mediterranean lamb pizza recipe?
126,What is the protein content in the Mediterranean Eggs recipe?
126,Can you tell me how many grams of carbohydrates are present in the Mediterranean Eggs dish?
126,How much fat does the Mediterranean Eggs recipe contain?
126,Is the Mediterranean Eggs recipe considered part of the Mediterranean diet?
126,What type of cuisine does the Mediterranean Eggs dish belong to?
127,What are the main nutritional components of the Catalan cod brandada from the School of Tapas recipe?
127,Can you explain the amount of protein in the Catalan cod brandada recipe?
127,How many grams of carbohydrates are there in the Catalan cod brandada recipe?
127,What is the total fat content in the School of Tapas recipe for Catalan cod brandada?
127,Is the Catalan cod brandada recipe suitable for someone following a Mediterranean diet?
128,What is the total carbohydrate content in the Mediterranean Style Linguini recipe?
128,How much protein does the Mediterranean Style Linguini recipe contain?
128,Can you tell me the dietary fat amount present in the Mediterranean Style Linguini?
128,What type of diet does the Mediterranean Style Linguini recipe belong to?
128,Which cuisine does the Mediterranean Style Linguini recipe represent?
129,Can you tell me how much protein is in the Mediterranean Yogurt Dip recipes?
129,What is the carbohydrate content in the Mediterranean Yogurt Dip recipes?
129,How much fat does the Mediterranean Yogurt Dip recipes contain?
129,What diet type does the Mediterranean Yogurt Dip recipes belong to?
129,Could you specify the cuisine type of the Mediterranean Yogurt Dip recipes?
130,What is the protein content in the Mediterranean Jalapeño Poppers recipe?
130,How many grams of carbohydrates are in the Mediterranean Jalapeño Poppers?
130,Can you tell me the amount of fat in the Mediterranean Jalapeño Poppers recipe?
130,What diet type does the Mediterranean Jalapeño Poppers recipe belong to?
130,Could you give me the name of a Mediterranean dish that contains jalapeños?
131,What makes the 'Flaky Sriracha Cod over Parsnip Carrot Mash' suitable for a paleo diet?
131,How much protein is in the 'Flaky Sriracha Cod over Parsnip Carrot Mash' recipe?
131,Can you tell me the total carbohydrate content in the 'Flaky Sriracha Cod over Parsnip Carrot Mash'?
131,I am following a paleo diet; is 'Flaky Sriracha Cod over Parsnip Carrot Mash' a good option for me?
131,What is the fat content of the 'Flaky Sriracha Cod over Parsnip Carrot Mash'?
132,What ingredients are typically used in a Paleo Pad Thai recipe?
132,"Can you tell me about the nutritional breakdown of Paleo Pad Thai, specifically the amount of protein it contains?"
132,"How does Paleo Pad Thai align with a paleo diet, and what are the primary components?"
132,Could you provide some insight into the fat content found in Paleo Pad Thai?
132,What is the carbohydrate content in a typical serving of Paleo Pad Thai?
133,What is the diet type of the Paleo Chocolate Pistachio Biscotti recipe?
133,Can you tell me the amount of protein in the Paleo Chocolate Pistachio Biscotti?
133,How many carbs are in the Paleo Chocolate Pistachio Biscotti recipe?
133,What is the fat content in grams for the Paleo Chocolate Pistachio Biscotti?
133,Which cuisine does the Paleo Chocolate Pistachio Biscotti recipe belong to?
134,What is the protein content in the 5 Minute Paleo Sorbet recipe?
134,Can you tell me the carbohydrate content in the 5 Minute Paleo Sorbet?
134,How much fat is in the 5 Minute Paleo Sorbet?
134,Is the 5 Minute Paleo Sorbet suitable for a paleo diet?
134,What type of cuisine is the 5 Minute Paleo Sorbet associated with?
135,What is the protein content in the Salted Caramel Paleo Bark recipe?
135,Is the Salted Caramel Paleo Bark recipe suitable for a paleo diet?
135,How many grams of carbohydrates are there in the Salted Caramel Paleo Bark recipe?
135,Can someone following a dairy-free diet consume the Salted Caramel Paleo Bark?
135,What is the cuisine type of the Salted Caramel Paleo Bark recipe?
136,How many grams of protein are contained in the Beef Stir-fry with Snow Peas and Mushrooms recipe?
136,What is the total carbohydrate content in the Chinese cuisine Beef Stir-fry with Snow Peas and Mushrooms?
136,Can you tell me the amount of fat present in the paleo Beef Stir-fry with Snow Peas and Mushrooms dish?
136,Is the Beef Stir-fry with Snow Peas and Mushrooms recipe suitable for a paleo diet?
136,What is the cuisine type of the Beef Stir-fry that includes snow peas and mushrooms?
137,What is the protein content in the Paleo Fried Rice recipe?
137,Can you tell me how many grams of carbohydrates are in the Paleo Fried Rice?
137,What type of diet does the Paleo Fried Rice recipe fit into?
137,Is the Paleo Fried Rice considered a Chinese cuisine type?
137,How much fat does the Paleo Fried Rice contain?
138,What is the carbohydrate content in the Traditional German Rotkohl (Sweet/Sour Red Cabbage) recipe?
138,Can you tell me the amount of protein in the Traditional German Rotkohl recipe?
138,How much fat does the Traditional German Rotkohl recipe contain?
138,Is Traditional German Rotkohl (Sweet/Sour Red Cabbage) considered a paleo-friendly dish?
138,What is the cuisine type of the Traditional German Rotkohl recipe?
139,What is the total protein content in the Paleo Broccoli Salad recipe?
139,Can you tell me how many grams of carbohydrates are in the Paleo Broccoli Salad?
139,I would like to know the amount of fat in the Paleo Broccoli Salad recipe.
139,Is the Paleo Broccoli Salad suitable for a paleo diet?
139,What cuisine type does the Paleo Broccoli Salad recipe fall under?
140,What is the total protein content in the Perfect Paleo Pizza recipe?
140,Can you tell me the amount of carbohydrates present in the Perfect Paleo Pizza?
140,How much fat is included in the Perfect Paleo Pizza according to the recipe?
140,What is the main cuisine type of the Perfect Paleo Pizza?
140,Is the Perfect Paleo Pizza suitable for a paleo diet?
141,"What are the carb contents in the Baked Low Carb Zucchini Fries (Paleo, AIP, Keto, Dairy Free)?"
141,Is the Baked Low Carb Zucchini Fries recipe suitable for a dairy-free diet?
141,How much protein does the Baked Low Carb Zucchini Fries contain?
141,What type of cuisine does the Baked Low Carb Zucchini Fries recipe belong to?
141,"What is the total fat content in the Baked Low Carb Zucchini Fries (Paleo, AIP, Keto, Dairy Free)?"
142,What are some alternative ingredients I can use to make a paleo-friendly Strawberry Sundae?
142,"Can you provide the nutritional breakdown for a Paleo Strawberry Sundae, including protein, carbs, and fat content?"
142,How does the taste of a Paleo Strawberry Sundae compare to a traditional one in American cuisine?
142,What are the main sources of protein in this Paleo Strawberry Sundae recipe?
142,How can I modify this Paleo Strawberry Sundae to lower the carb content?
143,What are some tips for preparing Crab-Stuffed Avocados in a paleo diet?
143,How many grams of protein are in the Crab-Stuffed Avocados recipe?
143,Can you tell me the amount of carbohydrates in the Crab-Stuffed Avocados dish?
143,What type of cuisine does the Crab-Stuffed Avocados recipe represent?
143,What is the fat content in the Crab-Stuffed Avocados recipe?
144,Is the Flourless Chocolate Peppermint Cake suitable for a paleo diet?
144,What is the carbohydrate content of the Flourless Chocolate Peppermint Cake?
144,Can you tell me how much protein is in the Flourless Chocolate Peppermint Cake?
144,How much fat does the Flourless Chocolate Peppermint Cake contain?
144,Does the Flourless Chocolate Peppermint Cake fit into a low-carb diet?
145,What health benefits can someone expect by incorporating Blueberry and Macadamia Yogurt Bark into a paleo diet?
145,How does the nutrient profile of Blueberry and Macadamia Yogurt Bark cater to the paleo diet particularities?
145,Can you explain how the fat content in Blueberry and Macadamia Yogurt Bark compares to that in other paleo-friendly snacks?
145,Could you provide tips on how to balance the carbohydrate content of Blueberry and Macadamia Yogurt Bark within a paleo meal plan?
145,What are some French cuisine elements that contribute to the uniqueness of Blueberry and Macadamia Yogurt Bark?
146,What is the protein content in the Roasted Tomato Soup recipe?
146,Can you tell me how many carbs are in the Roasted Tomato Soup?
146,What type of cuisine is the Roasted Tomato Soup categorized under?
146,Is the Roasted Tomato Soup recipe suitable for a paleo diet?
146,How much fat does the Roasted Tomato Soup contain?
147,What are some paleo recipes that include ground beef and spaghetti squash?
147,Can you suggest an Italian paleo dish that is high in protein?
147,What might be the carbohydrate content in a paleo skillet recipe with ground beef and spaghetti squash?
147,Is there an Italian cuisine option that fits into a paleo diet and provides a good amount of fat?
147,How much protein can I expect from a paleo spaghetti squash skillet made with ground beef?
148,Can you tell me how much protein is in the Roasted Beet and Micro Kale Egg White Frittata?
148,What type of diet does the Roasted Beet and Micro Kale Egg White Frittata cater to?
148,What is the total carbohydrate content in the Roasted Beet and Micro Kale Egg White Frittata?
148,Under which cuisine category does the Roasted Beet and Micro Kale Egg White Frittata fall?
148,How much fat can I expect from having the Roasted Beet and Micro Kale Egg White Frittata?
149,How many grams of protein are there in the Paleo Swedish Meatballs recipe?
149,Can you tell me the amount of fat present in the Nordic dish Paleo Swedish Meatballs?
149,What is the carbohydrate content in the Paleo Swedish Meatballs?
149,Is the Paleo Swedish Meatballs recipe considered Paleo diet friendly?
149,What type of cuisine do the Paleo Swedish Meatballs belong to?
150,What are the main ingredients in Paleo Lemon Bars?
150,Are Paleo Lemon Bars suitable for someone on a paleo diet given their macronutrient profile?
150,Can you describe how to make Paleo Lemon Bars?
150,"What cuisine do Paleo Lemon Bars belong to, and are they typically found in American cuisine?"
150,How do the macros for Paleo Lemon Bars compare to other paleo desserts?
151,Can you tell me if the Tortilla Soup Recipe fits into a paleo diet?
151,What is the average protein content in this Mexican Tortilla Soup Recipe?
151,How many grams of carbohydrates are present in this Tortilla Soup?
151,What is the total fat content in the Tortilla Soup Recipe?
151,Is the Tortilla Soup a good option for someone following a paleo diet plan?
152,What are the main ingredients in the Paleo Peach Crisp?
152,How does the amount of carbs in the Paleo Peach Crisp compare to other paleo recipes?
152,Can you describe the balance of macronutrients in the Paleo Peach Crisp?
152,What is the origin of the cuisine type for the Paleo Peach Crisp?
152,Is the Paleo Peach Crisp suitable for someone following a high-protein diet?
153,What would be a suitable drink to pair with Hearty Paleo Chili?
153,Can I substitute any ingredients if I want to make a vegetarian version of Hearty Paleo Chili?
153,How many servings can I expect to make with the Hearty Paleo Chili recipe?
153,Does the Hearty Paleo Chili recipe contain any allergens?
153,Could you suggest a side dish that complements Hearty Paleo Chili well?
154,How many grams of protein are in the Chocolate Paleo Chili recipe?
154,What is the total carbohydrate content in the Chocolate Paleo Chili?
154,Can you tell me the fat content of the Chocolate Paleo Chili?
154,Is the Chocolate Paleo Chili recipe considered a paleo-friendly dish?
154,What American recipe has a high protein content over 180 grams?
155,What is the total protein content in the Homemade Paleo Protein Bars recipe?
155,Are the Homemade Paleo Protein Bars suitable for someone following a paleo diet?
155,Can you tell me the total amount of carbohydrates in the Homemade Paleo Protein Bars?
155,How much fat is included in the Homemade Paleo Protein Bars recipe?
155,What type of cuisine do the Homemade Paleo Protein Bars belong to?
156,"What is the diet type of the Chicken Sausage, Mashed Potatoes, and Baby Broccoli recipe?"
156,"Can you tell me the cuisine type of the recipe that includes Chicken Sausage, Mashed Potatoes, and Baby Broccoli?"
156,"How much protein is present in the Chicken Sausage, Mashed Potatoes, and Baby Broccoli recipe?"
156,"What are the total carbohydrates in the Chicken Sausage, Mashed Potatoes, and Baby Broccoli dish?"
156,"What amount of fat is included in the Chicken Sausage, Mashed Potatoes, and Baby Broccoli recipe?"
157,"What are the macronutrient content details for the Paleo pepperoni pizza recipe, specifically protein, carbohydrates, and fat?"
157,Can you tell me if the Paleo pepperoni pizza fits into the Italian cuisine category?
157,How would the Paleo pepperoni pizza recipe align with the paleo diet requirements?
157,What is the carbohydrate content of the Paleo pepperoni pizza in this recipe?
157,How much protein does one serving of the Paleo pepperoni pizza provide?
158,What are the health benefits of the protein content in the No-Cook Black Bean Salad?
158,How do the carbohydrate levels in the No-Cook Black Bean Salad impact energy levels throughout the day?
158,What could be the potential fat sources in the No-Cook Black Bean Salad and are they healthy?
158,How can this vegan American-style No-Cook Black Bean Salad be balanced to suit a low-carb diet?
158,Would this recipe be appropriate for someone trying to increase their protein intake in a vegan diet?
159,What are some easy vegan wrap recipes that include brown rice?
159,How much protein is in the Easy Brown Rice & Veggie Wrap recipe?
159,Can you share a Chinese cuisine recipe that is also vegan?
159,What is the carbohydrate content in a vegan wrap with brown rice and veggies?
159,What are the fat content details for the Easy Brown Rice & Veggie Wrap?
160,What is the primary source of protein in the Seitan & black bean stir-fry?
160,Could you tell me the total carbohydrate content in the Seitan & black bean stir-fry?
160,How much fat is in the Seitan & black bean stir-fry dish?
160,Does the Seitan & black bean stir-fry recipe align with a vegan diet?
160,What type of cuisine is the Seitan & black bean stir-fry associated with?
161,"What are the nutritional values, like protein content, for the Vegan Chocolate-Dipped Frozen Banana Bites?"
161,Are the Vegan Chocolate-Dipped Frozen Banana Bites suitable for someone following a vegan diet?
161,Can you tell me the cuisine type for the Vegan Chocolate-Dipped Frozen Banana Bites?
161,How many grams of fat do the Vegan Chocolate-Dipped Frozen Banana Bites contain?
161,What kind of dessert would the Vegan Chocolate-Dipped Frozen Banana Bites be classified as in terms of its cuisine type?
162,What is the carbohydrate content in the Vegan Pumpkin Pie Cheesecake recipe?
162,Can you tell me the amount of protein present in the Vegan Pumpkin Pie Cheesecake?
162,How much fat does the Vegan Pumpkin Pie Cheesecake contain?
162,Is the Vegan Pumpkin Pie Cheesecake classified under any specific cuisine?
162,Could you confirm if the Vegan Pumpkin Pie Cheesecake recipe is suitable for a vegan diet?
163,What are the key ingredients in the Vegan Fluffy Buttercream Frosting recipe?
163,"How does the nutritional profile of the Vegan Fluffy Buttercream Frosting compare in terms of protein, carbohydrates, and fat content?"
163,Is the Vegan Fluffy Buttercream Frosting suitable for a low-carb diet considering its carbohydrate content?
163,Can you provide a comparison of fat content in the Vegan Fluffy Buttercream Frosting to a typical non-vegan buttercream?
163,Does the Vegan Fluffy Buttercream Frosting recipe include any protein-rich ingredients?
164,What is the fat content in the Roasted Vegan Cauliflower Soup with Parsley-Chive Swirl?
164,Can you tell me how many grams of protein are in the vegan cauliflower soup?
164,I am looking for an American cuisine vegan dish; does this recipe fit?
164,How many carbohydrates are in the Roasted Vegan Cauliflower Soup?
164,Is the Roasted Cauliflower Soup vegan-friendly based on its ingredients?
165,"What are the protein, carbohydrate, and fat content of the Citrus Lime Tofu Salad recipe?"
165,Can you tell me if the Citrus Lime Tofu Salad recipe fits a vegan diet?
165,How many grams of protein does the Citrus Lime Tofu Salad contain?
165,Is the Citrus Lime Tofu Salad considered an Asian recipe?
165,What is the carbohydrate content of the Citrus Lime Tofu Salad?
166,What is the source of protein in the vegan tiffin recipe?
166,How does the fat content in this vegan tiffin compare to other vegan desserts?
166,Can you suggest a vegan alternative if I need to reduce the carb content in this dish?
166,Is this vegan tiffin suitable for a high-protein diet?
166,Could you tell me if this recipe aligns with typical American vegan cuisine?
167,What is the amount of protein in the Vegan Sweet Potato Malai Kofta recipe?
167,Can you tell me how many carbohydrates are in the Vegan Sweet Potato Malai Kofta dish?
167,I would like to know the fat content in the Vegan Sweet Potato Malai Kofta recipe.
167,Is the Vegan Sweet Potato Malai Kofta dish suitable for a vegan diet?
167,Which cuisine does the Vegan Sweet Potato Malai Kofta recipe belong to?
168,"What is the protein content of the Roast Chicken Dinner Potato Chips with Mushrooms, Lemon, and Thyme recipe?"
168,How many carbohydrates are in the French cuisine Roast Chicken Dinner Potato Chips recipe?
168,"Can you tell me the fat content of the Roast Chicken Dinner Potato Chips with Mushrooms, Lemon, and Thyme?"
168,"Is the Roast Chicken Dinner Potato Chips with Mushrooms, Lemon, and Thyme recipe suitable for a vegan diet?"
168,"What type of cuisine does the Roast Chicken Dinner Potato Chips with Mushrooms, Lemon, and Thyme recipe belong to?"
169,What is the protein content in the Hearty Vegan Polenta and Kale Soup with Miso and Toasted Sesame Oil recipe?
169,Can you tell me the amount of carbohydrates in the vegan Polenta and Kale Soup with Miso and Toasted Sesame Oil?
169,How much fat does the Hearty Vegan Polenta and Kale Soup with Miso and Toasted Sesame Oil contain?
169,What type of cuisine is the Hearty Vegan Polenta and Kale Soup with Miso and Toasted Sesame Oil recipe from?
169,Is the Hearty Vegan Polenta and Kale Soup with Miso and Toasted Sesame Oil suitable for a vegan diet?
170,"What are the nutritional details of The Ultimate Raw Taco vegan recipe, specifically the protein, carbs, and fat content?"
170,Can you tell me more about the cuisine type and diet type of the recipe called The Ultimate Raw Taco?
170,How much protein does the vegan recipe The Ultimate Raw Taco provide?
170,What is the carbohydrate content in the Mexican recipe named The Ultimate Raw Taco?
170,"I am curious about the amount of fat in the vegan Mexican recipe, The Ultimate Raw Taco. Can you provide that information?"
171,"What type of diet does the Roasted Garlic, White Bean & Kale Pizz'alad recipe cater to and is it suitable for someone following a vegan lifestyle?"
171,"Could you tell me what the primary protein source is in the Roasted Garlic, White Bean & Kale Pizz'alad?"
171,"I'd like to know the total carbohydrate content in the Roasted Garlic, White Bean & Kale Pizz'alad. Could you provide that information?"
171,"Can you give me a breakdown of the fat content for the Roasted Garlic, White Bean & Kale Pizz'alad recipe?"
171,"Is the Roasted Garlic, White Bean & Kale Pizz'alad recipe considered part of Italian cuisine?"
172,What are suitable side dishes to pair with a spice-crusted tofu for a complete vegan meal?
172,Can you suggest a substitution for kumquats in this spice-crusted tofu recipe if they are not available?
172,What are the primary health benefits of including radishes in a salad with a tofu-based dish?
172,Is this spice-crusted tofu with kumquat radish salad a good option for someone looking to increase their protein intake?
172,How can I adjust the spice levels in the spice-crusted tofu recipe to make it milder or spicier?
173,What are some good vegan salad options that are high in protein?
173,"Could you recommend a vegan American cuisine recipe with a balance of protein, carbs, and fats?"
173,How many grams of protein are in a vegan bacon ranch salad?
173,What is the fat content in the vegan bacon ranch salad recipe?
173,Can you tell me about the carbohydrate content in a vegan version of a bacon ranch salad?
174,How much protein is in the Golden beet hummus recipe?
174,What type of diet does the Golden beet hummus fit into?
174,Could you tell me the total grams of carbohydrates in the Golden beet hummus?
174,Which cuisine is the Golden beet hummus recipe associated with?
174,Can you provide the amount of fat in the Golden beet hummus recipe?
175,What are the main nutritional components of the Raw Vegan Zoodles with Romesco?
175,How many grams of protein can I expect from the Raw Vegan Zoodles with Romesco recipe?
175,Are there a lot of carbohydrates in the Raw Vegan Zoodles with Romesco dish?
175,Is the vegan recipe for Zoodles with Romesco high in fat?
175,Can you tell me if the Raw Vegan Zoodles with Romesco is suitable for an American cuisine diet?
176,What are the key ingredients in the Vegan Cheese Enchiladas recipe?
176,"Can you tell me the nutritional content, including protein, carbs, and fat, of the Vegan Cheese Enchiladas?"
176,Is the Vegan Cheese Enchiladas recipe suitable for someone following a vegan diet?
176,How does the American cuisine influence the flavor profile of the Vegan Cheese Enchiladas?
176,Are there any alternative recipes with less carbohydrates compared to the Vegan Cheese Enchiladas?
177,"What are the main ingredients used in the Crispy Fried Spinach with Tomato, Onion, Tamarind, and Yogurt Recipe?"
177,"How many grams of protein can I get from the Crispy Fried Spinach with Tomato, Onion, Tamarind, and Yogurt Recipe?"
177,"Can you tell me how many carbohydrates are present in the Crispy Fried Spinach with Tomato, Onion, Tamarind, and Yogurt Recipe?"
177,"Is the Crispy Fried Spinach with Tomato, Onion, Tamarind, and Yogurt Recipe suitable for a vegan diet?"
177,"Could you provide information on the amount of fat in the Crispy Fried Spinach with Tomato, Onion, Tamarind, and Yogurt Recipe?"
178,What are some tips for making a vegan cherry pie?
178,How can I ensure my vegan cherry pie has a good balance of flavors?
178,What are the nutritional benefits of a vegan cherry pie?
178,How can I reduce the carbs in a vegan cherry pie recipe?
178,Could you suggest an alternative recipe for vegan cherry pie with less fat content?
179,What is the main type of cuisine for the Creamy Coconut & Roasted Beet Soup with Pistachios & Greek Yogurt recipe?
179,Could you tell me the protein content of the Creamy Coconut & Roasted Beet Soup with Pistachios & Greek Yogurt?
179,Is the recipe for Creamy Coconut & Roasted Beet Soup with Pistachios & Greek Yogurt suitable for a vegan diet?
179,How many grams of carbohydrates are in the Creamy Coconut & Roasted Beet Soup with Pistachios & Greek Yogurt?
179,What is the total fat content in the Creamy Coconut & Roasted Beet Soup with Pistachios & Greek Yogurt?
180,"What is the protein content in the Vegan Quinoa, Broccoli, and Kale Curry recipe?"
180,"How many carbohydrates are in the Vegan Quinoa, Broccoli, and Kale Curry recipe?"
180,"Could you tell me the amount of fat present in the Vegan Quinoa, Broccoli, and Kale Curry recipe?"
180,"Is the Vegan Quinoa, Broccoli, and Kale Curry recipe suitable for a vegan diet?"
180,"What type of cuisine is the Vegan Quinoa, Broccoli, and Kale Curry recipe categorized under?"
181,What is the protein content in the Vegan Gravy recipe?
181,Can you tell me the carbohydrate content of the Vegan Gravy?
181,How much fat is included in the Vegan Gravy recipe?
181,Is the Vegan Gravy part of a particular cuisine?
181,Does the Vegan Gravy recipe adhere to any specific diet type?
182,What are some vegan alternatives I can use to make S'mores?
182,How many grams of protein are in the Vegan S'mores recipe?
182,Can you tell me the total carbohydrate content in the Vegan S'mores?
182,What is the amount of fat in the Vegan S'mores recipe?
182,Is the Vegan S'mores recipe considered American cuisine?
183,What is the total carb content in the Vegan Sweet Potato Casserole?
183,Does the Vegan Sweet Potato Casserole fit within a vegan diet?
183,Can you tell me the amount of protein in the Vegan Sweet Potato Casserole?
183,How much fat does the Vegan Sweet Potato Casserole have?
183,What type of cuisine is the Vegan Sweet Potato Casserole considered?
184,What is the total protein content in the Burgers with Chunky Grilled Vegetables recipe?
184,How many grams of carbohydrates are in the Burgers with Chunky Grilled Vegetables?
184,Can you tell me the fat content of the Burgers with Chunky Grilled Vegetables?
184,Is the Burgers with Chunky Grilled Vegetables recipe suitable for a vegan diet?
184,Which cuisine does the Burgers with Chunky Grilled Vegetables belong to?
185,What is the protein content in the Baby Bok Choy Salad with Mama O's Kimchi Paste?
185,Could you tell me the carbohydrate content of the Baby Bok Choy Salad made with Mama O's Kimchi Paste?
185,How much fat is present in the Baby Bok Choy Salad that includes Mama O's Kimchi Paste?
185,Is the Baby Bok Choy Salad with Mama O's Kimchi Paste suitable for a vegan diet?
185,What type of cuisine does the Baby Bok Choy Salad with Mama O's Kimchi Paste belong to?
186,What are some vegan alternatives to chicken in the Mediterranean-style crêpes recipe?
186,How does the protein content in this crêpe recipe compare to other vegan dishes?
186,Are morels a common component in vegan Mediterranean cuisine?
186,What could be a lower fat alternative to make this vegan crêpes recipe healthier?
186,How can I balance the carbs and protein in this vegan Mediterranean crêpes dish?
187,What are the main ingredients in the Moroccan Pumpkin and Chickpea Stew recipe?
187,How many grams of protein are there in the Moroccan Pumpkin and Chickpea Stew?
187,Does the Moroccan Pumpkin and Chickpea Stew fit a vegan diet?
187,What is the carbohydrate content in the Moroccan Pumpkin and Chickpea Stew?
187,Is the Moroccan Pumpkin and Chickpea Stew high in fat?
188,What are the main ingredients used in the vegan fry-up recipe?
188,Can you tell me the total caloric content of the vegan fry-up?
188,How long does it take to prepare the vegan fry-up?
188,Is the vegan fry-up suitable for someone following a gluten-free diet?
188,What are some suggested side dishes to serve with the vegan fry-up?
189,"What are the nutritional contents of the Big Quesadillas with Refried Beans, Spinach, and Avocado?"
189,"Can you tell me if the Big Quesadillas with Refried Beans, Spinach, and Avocado recipe is suitable for a vegan diet?"
189,"How many grams of protein are in the Big Quesadillas with Refried Beans, Spinach, and Avocado?"
189,"Does the Big Quesadillas with Refried Beans, Spinach, and Avocado recipe have a high carbohydrate content?"
189,"Is the Big Quesadillas with Refried Beans, Spinach, and Avocado considered a Mexican dish?"
190,What is the protein content in the Vegan Kale Caesar Salad recipe?
190,How many grams of carbohydrates are present in the Vegan Kale Caesar Salad?
190,Is the Vegan Kale Caesar Salad suitable for a vegan diet?
190,Can you tell me the total fat content in the Vegan Kale Caesar Salad?
190,What type of cuisine does the Vegan Kale Caesar Salad belong to?
191,What ingredients are used in the Refried Black Beans and Walnut Meat Tacos to make them suitable for a vegan diet?
191,How many grams of protein are in the Refried Black Beans and Walnut Meat Tacos?
191,Can you tell me the total carbohydrate content in the Refried Black Beans and Walnut Meat Tacos?
191,What type of cuisine do the Refried Black Beans and Walnut Meat Tacos belong to?
191,How much fat is included in the Refried Black Beans and Walnut Meat Tacos recipe?
192,"What are some key ingredients in the Pasta With Snap Peas, Garlic, Lemon Zest, and Black Pepper vegan recipe?"
192,"Can you tell me the type of cuisine for the Pasta With Snap Peas, Garlic, Lemon Zest, and Black Pepper recipe?"
192,"How much protein does the vegan Pasta With Snap Peas, Garlic, Lemon Zest, and Black Pepper recipe contain?"
192,"What is the total amount of carbohydrates in the Pasta With Snap Peas, Garlic, Lemon Zest, and Black Pepper recipe?"
192,"Could you please provide the fat content for the Pasta With Snap Peas, Garlic, Lemon Zest, and Black Pepper vegan dish?"
193,"Could you please let me know the protein content in the Potato, Asparagus & Mushroom Hash recipe?"
193,"I would like to know how many carbs are in the Potato, Asparagus & Mushroom Hash that is listed as a vegan recipe."
193,"What is the total fat content in the American cuisine dish called Potato, Asparagus & Mushroom Hash?"
193,"Can you tell me if the Potato, Asparagus & Mushroom Hash fits a vegan diet according to the recipe provided?"
193,"I am interested in the Potato, Asparagus & Mushroom Hash recipe; can you inform me about its macronutrient distribution in terms of protein, carbs, and fat?"
194,What is the protein content in the Broccoli Slaw with Mustard Vinaigrette recipe?
194,Can you specify the amount of carbohydrates in the American vegan dish named Broccoli Slaw with Mustard Vinaigrette?
194,How much fat is included in the Broccoli Slaw with Mustard Vinaigrette vegan recipe?
194,Is the Broccoli Slaw with Mustard Vinaigrette considered a high-carb meal?
194,Could you tell me if the Broccoli Slaw with Mustard Vinaigrette is suitable for a vegan diet?
195,What is the main source of protein in the Mushroom Beet Black Bean Burger recipe?
195,How many carbohydrates are there in the Mushroom Beet Black Bean Burger?
195,Is the Mushroom Beet Black Bean Burger considered a low-fat dish?
195,Does the Mushroom Beet Black Bean Burger recipe fit a vegan diet?
195,What type of cuisine does the Mushroom Beet Black Bean Burger belong to?
196,What ingredients are typically used to make a vegan creamy coleslaw?
196,How can I reduce the fat content in a vegan creamy coleslaw?
196,Is the protein content in a vegan creamy coleslaw adequate for a balanced vegan diet?
196,What are some ways to add more protein to a vegan creamy coleslaw?
196,How many calories would a serving of vegan creamy coleslaw typically contain?
197,How many grams of protein does the Smoked Cauliflower Soup contain?
197,What is the total carbohydrate content in the Smoked Cauliflower Soup recipe?
197,Can you tell me the amount of fat in the Smoked Cauliflower Soup?
197,What diet type does the Smoked Cauliflower Soup fall under?
197,Which cuisine is the Smoked Cauliflower Soup associated with?
198,What are some common ingredients in Mediterranean vegan recipes like Baby Artichokes with Lemon and Olive Oil?
198,How many grams of protein are in the Baby Artichokes with Lemon and Olive Oil dish?
198,What is the carbohydrate content in the Baby Artichokes with Lemon and Olive Oil recipe?
198,Can you tell me the amount of fat present in the Baby Artichokes with Lemon and Olive Oil meal?
198,Is Baby Artichokes with Lemon and Olive Oil a high-protein option for a vegan diet?
199,How many grams of protein are in the Vegan Chocolate Frosting recipe?
199,What is the carbohydrate content for the Vegan Chocolate Frosting recipe?
199,How much fat does the Vegan Chocolate Frosting recipe contain?
199,Can you tell me if the Vegan Chocolate Frosting recipe is suitable for a vegan diet?
199,What type of cuisine is the Vegan Chocolate Frosting recipe classified under?
